row,model,golden_label,predicted_label,correct,request_id,http_status,latency_seconds,error
15000,mistral:7b-instruct,Credit reporting,Credit reporting,True,25736413-6488-47ff-a8bb-ea871b526435,200,10.826,
15001,mistral:7b-instruct,Credit reporting,Credit reporting,True,555b4178-b4c2-4e49-95ca-2cd3b93c1f8e,200,8.742,
15002,mistral:7b-instruct,Money transfer or service,Money transfer or service,True,6c8e98c4-8aff-4bb3-87e8-fb93e11a739f,200,4.991,
15003,mistral:7b-instruct,Money transfer or service,Money transfer or service,True,82adb782-eb85-4dab-bcb3-c4d72c6fd3be,200,11.234,
15004,mistral:7b-instruct,Consumer loan,Debt collection,False,61fc3c07-7ec6-4c6c-8685-d4243fd87cf4,200,8.626,
15005,mistral:7b-instruct,Money transfer or service,Money transfer or service,True,08df16e8-a6a8-436e-995c-7b911249d69e,200,18.062,
15006,mistral:7b-instruct,Consumer loan,Consumer loan,True,45475365-e935-4090-889d-12cf30a56c9a,200,6.71,
15007,mistral:7b-instruct,Credit card,Bank account or service,False,e4f5cbdd-0e68-48c4-99e0-f41d446174f1,200,30.903,
15008,mistral:7b-instruct,Bank account or service,Bank account or service,True,74fa957b-36e3-4cb5-b3b6-2e79ec78a812,200,16.779,
15009,mistral:7b-instruct,Bank account or service,Bank account or service,True,9c3ffe8c-f54f-4d12-a50c-cc06c8bb72c7,200,7.826,
15010,mistral:7b-instruct,Credit reporting,Credit reporting,True,380f056e-9e35-4d9d-861f-a511bb8ae99d,200,4.174,
15011,mistral:7b-instruct,Credit card,Credit card,True,074d8913-fa17-439e-b63c-2b3ab696b3d7,200,10.927,
15012,mistral:7b-instruct,Debt collection,Debt collection,True,c1ca7176-e8a6-4385-900a-eba275d159e1,200,12.828,
15013,mistral:7b-instruct,Bank account or service,Bank account or service,True,d9d08b4f-5924-47ed-aece-8af311a75750,200,6.202,
15014,mistral:7b-instruct,Credit reporting,Credit reporting,True,cee535ed-d9fb-4475-8998-fb63404bcda9,200,23.403,
15015,mistral:7b-instruct,Money transfer or service,Bank account or service,False,505ed38e-1bea-403a-8f79-a83a9595b6c0,200,13.943,
15016,mistral:7b-instruct,Mortgage,Mortgage,True,77ab4020-251c-43a5-95f0-de2af2a39623,200,26.224,
15017,mistral:7b-instruct,Debt collection,Debt collection,True,a1279304-a619-4641-b1e7-4083985637d8,200,15.567,
15018,mistral:7b-instruct,Mortgage,Mortgage,True,d88478d1-bdf2-454e-ae31-a6b84b9c4039,200,6.361,
15019,mistral:7b-instruct,Credit reporting,Credit reporting,True,ba209ab8-27c9-48e1-b438-36cb97d7030a,200,8.946,
15020,mistral:7b-instruct,Mortgage,Mortgage,True,bad07588-4da5-4c65-846e-3729c1b51e7d,200,17.577,
15021,mistral:7b-instruct,Money transfer or service,Money transfer or service,True,a07cd4f5-1fed-40cd-b0e9-5206a3455be9,200,16.565,
15022,mistral:7b-instruct,Money transfer or service,Money transfer or service,True,75a72819-0bba-458f-988d-5031ee356306,200,11.711,
15023,mistral:7b-instruct,Credit reporting,Bank account or service,False,c0fe806a-79be-48a6-b35d-eb4984bcb271,200,11.784,
15024,mistral:7b-instruct,Money transfer or service,Bank account or service,False,c366a2c4-7813-40b0-ac33-e49d52aea96c,200,10.649,
15025,mistral:7b-instruct,Credit card,Credit card,True,3d849b41-8761-46bd-b3fa-a7ea6a9f8cd2,200,23.954,
15026,mistral:7b-instruct,Bank account or service,Bank account or service,True,b5a211d6-7a20-4795-83d3-27b16843c1dc,200,26.885,
15027,mistral:7b-instruct,Mortgage,Mortgage,True,5cae4a17-d11a-460e-bf1a-b3efae4797df,200,10.758,
15028,mistral:7b-instruct,Mortgage,Mortgage,True,19a2b33c-b0cd-4193-b287-ad1fac5954f9,200,8.282,
15029,mistral:7b-instruct,Mortgage,Mortgage,True,33e1d35a-b5c4-493a-9d47-4ab6afa2267a,200,23.673,
15030,mistral:7b-instruct,Bank account or service,Money transfer or service,False,8dc75867-b885-4bd1-9f7e-93fcdef5d6fc,200,11.641,
15031,mistral:7b-instruct,Money transfer or service,Bank account or service,False,2c0fb60a-b597-4db7-8e96-9461d94bdd61,200,25.93,
15032,mistral:7b-instruct,Credit reporting,Credit reporting,True,69dd4c65-1875-441c-865d-2566973623c4,200,7.486,
15033,mistral:7b-instruct,Consumer loan,Bank account or service,False,e321e7fa-efbe-4d21-9d4c-f41cd8101718,200,27.772,
15034,mistral:7b-instruct,Money transfer or service,Money transfer or service,True,793e200c-9ff4-41d8-9b31-b9cd5fbc100a,200,19.659,
15035,mistral:7b-instruct,Credit reporting,Credit reporting,True,e6b76f3d-5982-42db-a281-eeb4613f51da,200,24.846,
15036,mistral:7b-instruct,Money transfer or service,Credit card,False,642ce06d-dae1-45e3-b59b-cfceae3eef39,200,34.789,
15037,mistral:7b-instruct,Credit reporting,Credit reporting,True,00f2187f-a985-4db0-aefa-97c5c9b8da9f,200,14.949,
15038,mistral:7b-instruct,Credit card,Credit card,True,0d206275-d607-49de-869e-7c54d74405c6,200,29.388,
15039,mistral:7b-instruct,Credit card,Credit card,True,b58149d8-8350-44d8-a4aa-be3f09422dc2,200,12.413,
15040,mistral:7b-instruct,Debt collection,Debt collection,True,54a0ac1a-d3d4-4caf-bb98-ce3c4223d6e8,200,27.933,
15041,mistral:7b-instruct,Credit card,Credit card,True,912a70e3-cf55-49bb-9a0f-143f54aae644,200,30.218,
15042,mistral:7b-instruct,Mortgage,Mortgage,True,5c5e8a6b-b062-4011-8f1f-6f2f72ff7e01,200,27.383,
15043,mistral:7b-instruct,Credit card,Credit card,True,a4499be9-b9b4-4456-9382-9f5e9911d4b5,200,22.712,
15044,mistral:7b-instruct,Bank account or service,Bank account or service,True,623f2ac0-1052-4562-905f-f3e714b7ad69,200,13.229,
15045,mistral:7b-instruct,Credit card,Credit card,True,054b4351-561f-44dd-9095-7f4930fe7d28,200,13.256,
15046,mistral:7b-instruct,Debt collection,Debt collection,True,179f58a0-bb1f-42d1-bdaf-e2ec37369b2f,200,4.962,
15047,mistral:7b-instruct,Money transfer or service,Money transfer or service,True,03a77ff8-6132-4af6-9606-a12df8728d24,200,12.7,
15048,mistral:7b-instruct,Mortgage,Mortgage,True,2cb3f7f4-0b4a-47bd-aff9-1e7fb8c12a14,200,11.677,
15049,mistral:7b-instruct,Bank account or service,Money transfer or service,False,4b834fce-82e5-4d16-aa98-7312d2f1b820,200,19.938,
15050,mistral:7b-instruct,Mortgage,Mortgage,True,717f08ca-da4f-4dd3-a180-572107920cd0,200,17.823,
15051,mistral:7b-instruct,Credit card,Debt collection,False,a3f46718-f6b4-429b-9586-d452a5dbe527,200,8.572,
15052,mistral:7b-instruct,Credit card,Credit card,True,706ed9f1-31a0-44eb-b72d-790efc2e43bf,200,17.719,
15053,mistral:7b-instruct,Debt collection,Debt collection,True,67a42202-e16f-420e-b266-dbfc8f72f1df,200,25.269,
15054,mistral:7b-instruct,Credit reporting,Credit reporting,True,5be4c0e9-8568-444d-9800-06a40eb3b93e,200,8.026,
15055,mistral:7b-instruct,Consumer loan,Consumer loan,True,1cd5d17c-5a08-4263-a71c-6250f9804204,200,25.848,
15056,mistral:7b-instruct,Credit reporting,Credit reporting,True,a926d550-6495-4b27-9458-2ee0aaa64cca,200,8.734,
15057,mistral:7b-instruct,Money transfer or service,Bank account or service,False,634e4ddd-f755-4fad-96de-e5339c90c07e,200,32.091,
15058,mistral:7b-instruct,Credit reporting,Credit reporting,True,d550cf5f-e86e-4026-9698-0dd88874b1c6,200,14.167,
15059,mistral:7b-instruct,Credit reporting,Credit card,False,1d30a02a-9308-48cf-ba44-80a345ca2270,200,12.384,
15060,mistral:7b-instruct,Credit reporting,Credit reporting,True,b8d72e33-8ad3-4ca7-8e01-f53888c694bd,200,20.122,
15061,mistral:7b-instruct,Debt collection,Debt collection,True,6e5374e4-583d-4248-8f3d-5ae44b3de2dd,200,6.515,
15062,mistral:7b-instruct,Consumer loan,Bank account or service,False,ef6d6c88-eb20-48b3-bec2-230290d4eb42,200,23.005,
15063,mistral:7b-instruct,Bank account or service,Credit card,False,587d2e0c-bb83-4087-a548-92d3ba843960,200,31.716,
15064,mistral:7b-instruct,Bank account or service,Bank account or service,True,ed615fac-73e5-44fe-be67-b80820843669,200,20.153,
15065,mistral:7b-instruct,Debt collection,Bank account or service,False,fbc25c55-95eb-4b59-a9d7-05590d08a709,200,9.158,
15066,mistral:7b-instruct,Credit reporting,Credit reporting,True,e5845659-323d-4922-8fe8-59e8cfb3d6c6,200,12.43,
15067,mistral:7b-instruct,Bank account or service,Bank account or service,True,a20b1b15-cdc6-475c-b708-203c4a32e241,200,30.49,
15068,mistral:7b-instruct,Debt collection,Debt collection,True,87a6630b-515d-4caf-846c-236eddd40aa1,200,27.452,
15069,mistral:7b-instruct,Money transfer or service,Bank account or service,False,2d50c1b4-a335-483a-a8f3-861a7cb7f566,200,29.29,
15070,mistral:7b-instruct,Money transfer or service,Money transfer or service,True,c0c82f78-b87e-499e-ba1e-b2ebae432a64,200,18.095,
15071,mistral:7b-instruct,Debt collection,Debt collection,True,dd6ccaba-be79-4f63-aad8-e3a44fefbd0b,200,23.594,
15072,mistral:7b-instruct,Credit reporting,Credit reporting,True,b94b682b-a09e-4306-ab0e-cd5d25f982ec,200,10.21,
15073,mistral:7b-instruct,Bank account or service,Bank account or service,True,99012066-0f60-4eb7-ab42-1b3d24bda502,200,8.893,
15074,mistral:7b-instruct,Credit reporting,Credit card,False,ff8be1d3-a499-4d3d-9c4c-89348ed695d9,200,14.364,
15075,mistral:7b-instruct,Mortgage,Mortgage,True,6e7ea730-c899-4aca-9eea-3e36d6d31cf5,200,26.604,
15076,mistral:7b-instruct,Credit reporting,Credit reporting,True,666446e5-e946-4545-8737-1af50fe88cfb,200,5.068,
15077,mistral:7b-instruct,Credit card,Credit card,True,a03ef964-6f1e-476b-968b-15a8f02d19e1,200,26.343,
15078,mistral:7b-instruct,Credit reporting,Credit reporting,True,1602d589-0540-4092-bcda-8797e03c41bb,200,17.202,
15079,mistral:7b-instruct,Mortgage,Mortgage,True,b08e2ad1-0005-4dd8-8247-d350cb38b248,200,28.815,
15080,mistral:7b-instruct,Credit card,Credit card,True,358aa629-fa72-4ff3-af00-b18b0e73f0ad,200,21.183,
15081,mistral:7b-instruct,Debt collection,Debt collection,True,832f39b9-e6b8-42ed-8a97-cf69c4aa8a9a,200,7.407,
15082,mistral:7b-instruct,Mortgage,Mortgage,True,c3360cd9-114a-4ca1-b617-32194c0d8dd1,200,6.691,
15083,mistral:7b-instruct,Mortgage,Mortgage,True,0309a4f1-01f8-479b-a155-e5c9a14b76aa,200,14.859,
15084,mistral:7b-instruct,Debt collection,Debt collection,True,024d9a6e-44df-4fc0-a82e-75e6f6ea9d29,200,9.506,
15085,mistral:7b-instruct,Consumer loan,Consumer loan,True,9ba41448-7622-469d-905b-5eed8ed04555,200,20.566,
15086,mistral:7b-instruct,Credit reporting,Credit reporting,True,151c2f63-8c56-4d71-9811-703d549722a7,200,9.239,
15087,mistral:7b-instruct,Credit reporting,Credit reporting,True,2d92eeed-6a14-4cb9-a999-022051ba5854,200,6.61,
15088,mistral:7b-instruct,Mortgage,Mortgage,True,099251e6-f8b1-4628-8ab6-c0d23604670d,200,9.522,
15089,mistral:7b-instruct,Money transfer or service,Bank account or service,False,7d891ba6-7eb4-4fd4-8bb1-db1f0f62e6e4,200,21.112,
15090,mistral:7b-instruct,Money transfer or service,Money transfer or service,True,cb7f9a7b-a260-4c2d-8fb1-9e9381e10146,200,6.872,
15091,mistral:7b-instruct,Bank account or service,Bank account or service,True,b4f340c6-7a40-4ee4-b03a-63a90d25ab6d,200,16.02,
15092,mistral:7b-instruct,Credit reporting,Credit reporting,True,fe7d6569-cad9-4587-94ef-1f43f2c4aad1,200,31.18,
15093,mistral:7b-instruct,Debt collection,Debt collection,True,30435212-7677-4134-a9fa-730ce15bb051,200,7.465,
15094,mistral:7b-instruct,Debt collection,Debt collection,True,92146904-4805-4dff-96c0-4cdaa824ad5b,200,26.024,
15095,mistral:7b-instruct,Money transfer or service,Money transfer or service,True,4fbc07e7-f964-4d43-a5d5-cc73f43e4683,200,5.938,
15096,mistral:7b-instruct,Credit reporting,Credit reporting,True,fd91ecc6-7d6b-4cae-9c1f-095da4f97a7b,200,30.29,
15097,mistral:7b-instruct,Bank account or service,Credit card,False,c40f6448-917c-4d15-90ea-db0eb526d359,200,32.991,
15098,mistral:7b-instruct,Money transfer or service,Money transfer or service,True,e5e7f900-d4b5-414f-885e-fe637e482916,200,21.201,
15099,mistral:7b-instruct,Money transfer or service,Bank account or service,False,d99ecf50-5b6e-41fa-932a-671ec00d6ffc,200,7.862,
15100,mistral:7b-instruct,Bank account or service,Bank account or service,True,9f503cdf-e088-43cc-bb88-c3fa09866f40,200,4.728,
15101,mistral:7b-instruct,Debt collection,Debt collection,True,ff5064c6-4932-470f-b175-dd803d905e1d,200,25.82,
15102,mistral:7b-instruct,Money transfer or service,Bank account or service,False,5c526f1f-3876-4035-94d1-574be27bd9f3,200,17.847,
15103,mistral:7b-instruct,Bank account or service,Bank account or service,True,027cb25a-f2c0-4ba6-b1bd-59898c907d01,200,7.199,
15104,mistral:7b-instruct,Credit card,Credit card,True,3bb7f583-2cf6-4112-ba8a-3164a771d6f8,200,18.193,
15105,mistral:7b-instruct,Credit card,Bank account or service,False,19751062-0aeb-4e3f-bd33-3d7622482033,200,14.704,
15106,mistral:7b-instruct,Mortgage,Mortgage,True,a110a4e0-df55-4b0b-880b-7e89ebef0f2b,200,26.49,
15107,mistral:7b-instruct,Credit reporting,Credit reporting,True,a3f993c2-a7ed-4c39-b4a8-b6f2e6954590,200,5.518,
15108,mistral:7b-instruct,Bank account or service,Bank account or service,True,37e40bc0-d1e3-4004-9cc5-3ea9f5b658ab,200,23.21,
15109,mistral:7b-instruct,Bank account or service,Bank account or service,True,dd71e997-9e11-4f8f-b312-e38bcaa96a94,200,11.686,
15110,mistral:7b-instruct,Credit card,Bank account or service,False,36ee2d62-be57-4937-8099-ff53350c88af,200,14.744,
15111,mistral:7b-instruct,Consumer loan,Consumer loan,True,bfdb53e9-39e6-4595-ada0-c9c7f788c170,200,19.866,
15112,mistral:7b-instruct,Mortgage,Mortgage,True,9f60617a-2ae7-4f50-b5e6-193e4323ea8a,200,12.832,
15113,mistral:7b-instruct,Credit reporting,Credit reporting,True,da4a1087-8c65-48f3-a8d6-2aa1edf1d128,200,13.989,
15114,mistral:7b-instruct,Bank account or service,Bank account or service,True,1369eb86-7360-4fb1-9941-adcfe0d7e68e,200,26.108,
15115,mistral:7b-instruct,Money transfer or service,Money transfer or service,True,e89bc7fa-d1ca-45f9-bd58-e65a36e12e6b,200,32.878,
15116,mistral:7b-instruct,Consumer loan,Consumer loan,True,3f3283da-3862-4cd4-9ed8-5ca221815032,200,8.896,
15117,mistral:7b-instruct,Credit reporting,Credit reporting,True,5596a8de-8903-4a0a-a1b8-8b8cf6ca2872,200,13.758,
15118,mistral:7b-instruct,Bank account or service,Bank account or service,True,2fb799f9-94c9-410f-9fc4-43fcecab590b,200,18.982,
15119,mistral:7b-instruct,Consumer loan,Debt collection,False,44fffd85-306d-4621-b6ea-47cc3b1de33f,200,12.76,
15120,mistral:7b-instruct,Debt collection,Debt collection,True,952061d3-db46-46ac-bf88-cc276bd9ad39,200,4.374,
15121,mistral:7b-instruct,Credit reporting,Credit reporting,True,0507e147-ffda-48d6-a167-d83c300fbcb3,200,15.299,
15122,mistral:7b-instruct,Money transfer or service,Money transfer or service,True,fdca6dae-3cca-498c-8f64-8b780187607e,200,22.365,
15123,mistral:7b-instruct,Credit reporting,Credit reporting,True,09d468bb-d068-4129-aa7b-4dbb94e921a1,200,13.229,
15124,mistral:7b-instruct,Credit card,Bank account or service,False,0c63468b-a1d1-4970-a4fb-ca9f2b3e9ed8,200,20.144,
15125,mistral:7b-instruct,Mortgage,Mortgage,True,9b36a1e6-15ad-4a77-aa6b-2c13b3ebd2e6,200,17.029,
15126,mistral:7b-instruct,Mortgage,Mortgage,True,b9a98997-9652-4c33-bf7b-cce9e645cb31,200,34.562,
15127,mistral:7b-instruct,Credit reporting,Credit reporting,True,f5e2b1ae-926b-4880-8c8e-8342ae30f164,200,9.222,
15128,mistral:7b-instruct,Debt collection,Debt collection,True,93f7a25c-164c-4463-ba0c-2cf89963d38e,200,29.712,
15129,mistral:7b-instruct,Credit card,Bank account or service,False,9add2234-4090-4397-b4bb-2de902195d24,200,14.417,
15130,mistral:7b-instruct,Mortgage,Mortgage,True,b77f551d-348c-4e44-8ee0-729756b0e017,200,27.362,
15131,mistral:7b-instruct,Mortgage,Mortgage,True,02b2fd32-d01b-4ec3-a2b6-3d8cf3bd1776,200,9.12,
15132,mistral:7b-instruct,Consumer loan,Consumer loan,True,5e65b056-9ab0-4836-9915-f098433dca9f,200,7.59,
15133,mistral:7b-instruct,Debt collection,Debt collection,True,82b35ace-694e-4f48-91e4-b594de492248,200,26.724,
15134,mistral:7b-instruct,Bank account or service,Money transfer or service,False,8f437a2e-3b94-429b-9b6b-f34296398db0,200,11.736,
15135,mistral:7b-instruct,Credit reporting,Credit reporting,True,8b67bd86-f97e-4887-a2da-98b784d2d98e,200,15.23,
15136,mistral:7b-instruct,Credit card,Credit card,True,3a77734b-43e1-4e9c-abbd-e3c18419a83a,200,11.033,
15137,mistral:7b-instruct,Consumer loan,Bank account or service,False,06d96177-4f2f-42d9-8ecd-ece81c033eb8,200,28.641,
15138,mistral:7b-instruct,Bank account or service,Bank account or service,True,b2f98a0a-a851-4136-95bb-052a06adddfd,200,37.847,
15139,mistral:7b-instruct,Bank account or service,,False,,502,14.866,502 Server Error: Bad Gateway for url: http://localhost:8000/tickets
15140,mistral:7b-instruct,Credit reporting,,False,,502,11.2,502 Server Error: Bad Gateway for url: http://localhost:8000/tickets
15141,mistral:7b-instruct,Consumer loan,,False,,502,15.937,502 Server Error: Bad Gateway for url: http://localhost:8000/tickets
15142,mistral:7b-instruct,Debt collection,,False,,502,15.776,502 Server Error: Bad Gateway for url: http://localhost:8000/tickets
15143,mistral:7b-instruct,Money transfer or service,,False,,502,11.0,502 Server Error: Bad Gateway for url: http://localhost:8000/tickets
15144,mistral:7b-instruct,Credit reporting,,False,,502,13.368,502 Server Error: Bad Gateway for url: http://localhost:8000/tickets
15145,mistral:7b-instruct,Credit reporting,,False,,502,14.231,502 Server Error: Bad Gateway for url: http://localhost:8000/tickets
15146,mistral:7b-instruct,Debt collection,,False,,502,14.244,502 Server Error: Bad Gateway for url: http://localhost:8000/tickets
15147,mistral:7b-instruct,Mortgage,,False,,502,12.722,502 Server Error: Bad Gateway for url: http://localhost:8000/tickets
15148,mistral:7b-instruct,Debt collection,,False,,502,13.943,502 Server Error: Bad Gateway for url: http://localhost:8000/tickets
15149,mistral:7b-instruct,Credit reporting,,False,,502,14.301,502 Server Error: Bad Gateway for url: http://localhost:8000/tickets
15150,mistral:7b-instruct,Credit reporting,,False,,502,12.852,502 Server Error: Bad Gateway for url: http://localhost:8000/tickets
15151,mistral:7b-instruct,Money transfer or service,,False,,502,11.581,502 Server Error: Bad Gateway for url: http://localhost:8000/tickets
15152,mistral:7b-instruct,Money transfer or service,,False,,502,12.933,502 Server Error: Bad Gateway for url: http://localhost:8000/tickets
15153,mistral:7b-instruct,Mortgage,,False,,502,11.732,502 Server Error: Bad Gateway for url: http://localhost:8000/tickets
15154,mistral:7b-instruct,Credit reporting,,False,,502,11.578,502 Server Error: Bad Gateway for url: http://localhost:8000/tickets
15155,mistral:7b-instruct,Consumer loan,,False,,502,13.938,502 Server Error: Bad Gateway for url: http://localhost:8000/tickets
15156,mistral:7b-instruct,Credit card,,False,,502,11.121,502 Server Error: Bad Gateway for url: http://localhost:8000/tickets
15157,mistral:7b-instruct,Credit card,,False,,502,11.977,502 Server Error: Bad Gateway for url: http://localhost:8000/tickets
15158,mistral:7b-instruct,Credit reporting,,False,,502,10.327,502 Server Error: Bad Gateway for url: http://localhost:8000/tickets
15159,mistral:7b-instruct,Money transfer or service,,False,,502,10.179,502 Server Error: Bad Gateway for url: http://localhost:8000/tickets
15160,mistral:7b-instruct,Mortgage,,False,,502,10.092,502 Server Error: Bad Gateway for url: http://localhost:8000/tickets
15161,mistral:7b-instruct,Consumer loan,Consumer loan,True,e3bfe706-1230-406a-8693-f4ab4fd300dc,200,41.006,
15162,mistral:7b-instruct,Bank account or service,,False,,502,10.11,502 Server Error: Bad Gateway for url: http://localhost:8000/tickets
15163,mistral:7b-instruct,Bank account or service,,False,,502,8.388,502 Server Error: Bad Gateway for url: http://localhost:8000/tickets
15164,mistral:7b-instruct,Credit reporting,Credit reporting,True,6471869f-09b6-45db-809c-ba6513ea4a95,200,74.278,
15165,mistral:7b-instruct,Credit card,Credit card,True,a21ce1c8-4827-44d2-800e-f3450f2598bc,200,15.383,
15166,mistral:7b-instruct,Credit card,Credit card,True,158580ab-4cbd-4d39-9dca-3ba18946f5d8,200,19.092,
15167,mistral:7b-instruct,Mortgage,Mortgage,True,0068e1f7-150f-41a9-8232-c597cd995116,200,15.696,
15168,mistral:7b-instruct,Money transfer or service,Bank account or service,False,d60c2b0f-2ced-46d6-9e76-ed7ba93419e3,200,11.78,
15169,mistral:7b-instruct,Bank account or service,Bank account or service,True,235595c5-2ad3-49c4-a997-d6025a10c53f,200,14.485,
15170,mistral:7b-instruct,Consumer loan,Consumer loan,True,ceb88b9b-d945-4ac2-a211-9ce1b9a7ad69,200,17.203,
15171,mistral:7b-instruct,Mortgage,Mortgage,True,8e102097-d27e-4ea0-9c5f-8d380079675b,200,12.222,
15172,mistral:7b-instruct,Money transfer or service,Bank account or service,False,988adf8e-3210-4e44-80d8-e316b93e595f,200,18.71,
15173,mistral:7b-instruct,Mortgage,Mortgage,True,30da4c39-bdd4-4261-bc40-7b6055e5ea5e,200,9.184,
15174,mistral:7b-instruct,Mortgage,Mortgage,True,0f8c3418-2101-4265-af45-94c0980cf954,200,32.923,
