model,golden_label,successful_requests,correct,accuracy_percent
llama3.2:1b,Bank account or service,25,24,96.0
llama3.2:1b,Consumer loan,15,0,0.0
llama3.2:1b,Credit card,22,0,0.0
llama3.2:1b,Credit reporting,38,9,23.68
llama3.2:1b,Debt collection,20,0,0.0
llama3.2:1b,Money transfer or service,28,0,0.0
llama3.2:1b,Mortgage,27,1,3.7
gemma3:4b,Bank account or service,25,17,68.0
gemma3:4b,Consumer loan,15,3,20.0
gemma3:4b,Credit card,22,22,100.0
gemma3:4b,Credit reporting,38,35,92.11
gemma3:4b,Debt collection,20,15,75.0
gemma3:4b,Money transfer or service,28,17,60.71
gemma3:4b,Mortgage,26,25,96.15
mistral:7b-instruct,Bank account or service,22,17,77.27
mistral:7b-instruct,Consumer loan,13,8,61.54
mistral:7b-instruct,Credit card,20,14,70.0
mistral:7b-instruct,Credit reporting,31,28,90.32
mistral:7b-instruct,Debt collection,17,16,94.12
mistral:7b-instruct,Money transfer or service,24,13,54.17
mistral:7b-instruct,Mortgage,24,24,100.0
