minute,arrivals,completions,errors,backlog_at_end,p50_ms_of_arrivals,max_ms_of_arrivals
1,2,2,0,0,4646,5680
2,6,5,0,1,4083,9065
3,4,5,0,0,3473,5548
4,5,5,0,0,4876,7703
5,5,4,0,1,7026,11605
6,2,3,0,0,3860,3948
7,1,0,0,1,3929,3929
8,1,2,0,0,7497,7497
9,2,2,0,0,4491,7493
10,4,3,0,1,4794,6605
11,1,2,0,0,4126,4126
12,4,4,0,0,7013,12014
13,3,3,0,0,4912,6592
14,2,1,0,1,6714,11093
15,3,4,0,0,7111,7329
16,3,2,0,1,3904,4380
17,1,2,0,0,4301,4301
18,4,4,0,0,6467,11676
19,2,2,0,0,3588,7261
20,5,3,0,2,9074,13163
21,0,2,0,0,,
