metric,formula,value
Mean company-forwarded complaints/year,"2,829,400 / 3,600",785.944
Draft client tickets/year,mean company complaints/year * 10,7859.444
Tickets/business day,client tickets/year / 250,31.438
Business-hours tickets/day,tickets/business day * 70%,22.006
Average POST /tickets per hour,business-hours tickets/day / 8,2.751
Average POST /tickets per minute,average tickets/hour / 60,0.046
Peak POST /tickets per hour,average tickets/hour * 3,8.252
Peak POST /tickets per minute,peak tickets/hour / 60,0.138
Peak GET /search per hour,peak tickets/hour / 5,1.65
Peak GET /search per minute,peak searches/hour / 60,0.028
